<?xml version="1.0" encoding="UTF-8"?>
<project-private xmlns="http://www.netbeans.org/ns/project-private/1">
    <editor-bookmarks xmlns="http://www.netbeans.org/ns/editor-bookmarks/2" lastBookmarkId="0"/>
    <open-files xmlns="http://www.netbeans.org/ns/projectui-open-files/2">
        <group>
            <file>file:/C:/Users/juani/OneDrive/Documentos/NetBeansProjects/ParkingLot/src/parkinglot/StackADT.java</file>
            <file>file:/C:/Users/juani/OneDrive/Documentos/NetBeansProjects/ParkingLot/src/parkinglot/MismatchException.java</file>
            <file>file:/C:/Users/juani/OneDrive/Documentos/NetBeansProjects/ParkingLot/src/parkinglot/ArrayStackLimitada.java</file>
            <file>file:/C:/Users/juani/OneDrive/Documentos/NetBeansProjects/ParkingLot/src/parkinglot/Car.java</file>
            <file>file:/C:/Users/juani/OneDrive/Documentos/NetBeansProjects/ParkingLot/src/parkinglot/FullCollectionException.java</file>
            <file>file:/C:/Users/juani/OneDrive/Documentos/NetBeansProjects/ParkingLot/src/parkinglot/ParkingLot.java</file>
            <file>file:/C:/Users/juani/OneDrive/Documentos/NetBeansProjects/ParkingLot/src/parkinglot/ArrayStack.java</file>
            <file>file:/C:/Users/juani/OneDrive/Documentos/NetBeansProjects/ParkingLot/src/parkinglot/EmptyCollectionException.java</file>
        </group>
    </open-files>
</project-private>
